author,date,text,rating,source
Светлана,12 мая,"Сотрудничаем с ООО «ППР» не так давно. Хотелось бы отметить большой спектр услуг, предоставляемых компанией, заправка топливом на всех АЗС. Удобный, многофункциональный и доступный личный кабинет, что очень важно для работы транспортной компании, отслеживания баланса, до предоставления отчетности! Компетентные грамотные сотрудники, готовые помочь решить любой вопрос. Отдельное СПАСИБО хотим выразить нашему менеджеру Киселевой Татьяне Викторовне, всегда на связи, вежлива, решает быстро все возникающие вопросы! Компанию ООО «ППР» рекомендуем!",5,yandex
Светлана,11 июня,"Отличная компания, наша организация занимается строительством в регионе, очень удобно заправляться работникам в разных местах, много заправок. Очень удобно работать с функционалом личного кабинета, удобная своевременная система уведомлений. У ППР много направлений сотрудничества. Через них страховались очень оперативно. Сотрудники все профессионально грамотные, быстро выходят на связь, решают любые вопросы. Рекомендую к сотрудничеству. Компании ППР дальнейшего развития и роста.",5,yandex
Tatiyna K.,12 декабря 2024,"Сотрудничаем с ООО ППР уже второй год. Хотелось бы отметить больщой спектр услуг, предоставляемых компанией. Удобный, многофункциональный и доступный личный кабинет. Есть возможность пользоваться очень удобной услугой - овердрафт. И конечно же отдельное спасибо нашему менеджеру - Якушевой Юлии! Всегда на связи, вежлива, решает быстро все вопросы! 👍",5,yandex
Юлия Логинова,13 февраля 2024,"Отличная компания с удобным сервисом, множеством услуг и отчетностью, все просто, доступно, наглядно🔥🔥🔥Очень компетентные , знающие свое дело работники, которые всегда готовы помочь, объяснить, предложить комфортные условия сотрудничества.Отдельно хочу отметить и поблагодарить🤗🤗🤗 менеджера Савичеву Наталью, с которой как общение так и помощь в отдельных вопросах приносит много позитива , все вопросы решаются незамедлительно, профессионально,на связи даже в выходные и праздничные дни, что в наше время большая редкость.Работаем больше года и ни дня не пожалели!!!!!! Процветания вашей компании!!!!!!! Спасибо что вы есть!!!!!",5,yandex
Юрий Костюк,15 ноября 2024,"Скажу так, работаю с данной компанией больше 3-х лет, показали себя как надежный, уверенный, стабильный партнер. Большой спектр услуг представляют, тут тебе топливо на всех АЗС, больше не мониторим штрафы , ввел данные и уверен что там все вовремя оплатилось и все хорошо, парковка, мойка , список там не заканчивается , все под рукой, нужна страховка - пожалуста, одним словом очань удобно и легко работать когда есть такой партнер!
Отдельное СПАСИБО хочу выразить нашему менеджеру Фатеевой Елене Николаевне, спасибо Вам за вашу работу и быстрое решение всех возникающих вопросах! 
Компанию «ППР» рекомендуем!",5,yandex
Тим Тим,5 марта,"Если желаете головной боли , вам сюда. Тарифы непонятные ,практически на каждой заправке свой тариф, + обязательно с вас будут списывать за разные услуги, и конечно обязательно каждый месяц вам будут менять тариф на более дорогой. Когда вы начнете ругаться вам скажут что появился супер тариф ,и конечно же это не на долго,они изменят его через неделю, две три и вы опять будете ругаться) держитесь подальше",1,yandex
Борис Федоров,15 ноября 2024,"Работая в транспортной сфере, приходится постоянно обслуживаться и заправляться. Уже который год сотрудничаем с компанией ППР, хотя в начале пробовали и с другими компаними также, но остановились на ппр и не пожалели. Удобный личный кабинет и приложение, все понятно и просто. Есть возможность пользоваться овердрафтом. Сервис ппр включает не только обслуживание на азс, но и мойки, шиномонтаж и прочее. Горячая линия всегда доступна для помощи и консультации, а закрепленные менеджеры помогают и выручают в трудную минуту. В общем все на высшем уровне и менять не на кого не будем. Сотрудникам большое спасибо за их работу, отдельно хочу выразить благодарность нашему менеджеру Елене. Борис (ООО Специнжзащита)",5,yandex
Дмитрий С.,7 мая,"Где хоть одно предупреждение о блокировке карт???? Автоматически блокируются, но при этом автоматически не разблокируются???? Деньги поступили на счёт 2 дня назад, оформляете заявку на разблокировку после устного обращения, 21 век…. Блокируете нулевой счёт, что бы что??? Чтобы ни кто не мог воспользоваться нулем???
Я звонил в поддержку 5.05.2025 по поводу работы сервиса и ни кто не сообщил мне то, что карты заблокированы, те я об этом узнаю только при попытке заправиться приехав на заправку с пустым баком 👍",1,yandex
Любовь Чулкова,15 января,"Берут ежемесячную плату за подписку в сумме 2400, не предоставляя не скидок на топливо (оплата 100%) не на мойки, так же оплачивали все сами. По сути плата за перевод денег с одного счета на другой, у нас за такие услуги и с большим обьемом платежок банк берет гораздо меньше. В других топливных никаких дополнительных плат нет. Перед тем как заключить договор подумайте дважды",1,yandex
А,6 июня,С ООО ППР сотрудничаем почти год. В основном это заправки бензином в Центральном федеральном округе. Все устраивает. Накладок не было. Личный кабинет достаточно информативный и удобный. Рекомендуем. ООО Технологии сервиса.,5,yandex
Роман Комаров,26 ноября 2024,"ППР это симбиоз хорошего приложения и отвратного отношения к клиенту... Тебя заманят скидками на топливо, но потом потихоньку из скидок сделают НАЦЕНКИ ... Причём так умело это делают, в чеках с азс у вас цены со стеллы, а списания С НАЦЕНКАМИ(((. Каждый раз нужно звонить (а дозвониться это прослушивание музыки по 20 минут минимум) , говорить, что договор будет расторгаться, тогда возможно вам сделают опять НА ВРЕМЯ скидку, ну как сделают, в данный момент как раз ожидаем с бухгалтером уже 2 недели допника в сбисе на скидку, но ОН НИКАК НЕ ПРИХОДИТ.... Менеджер вообще никак не заинтересован в вас как в клиенте, он то в отпуске, то обещает всё выяснить и пропадает (тут Юле привет). Вероятнее всего просто наобещали, а потом ""технические проблемы"". Такое отношение к клиенту с оборотом под млн руб в месяц.... Не советую.... Не наладится если, уйду в бывшую торливную, без скидок, но и без намахалова. *инн 3665809573",2,yandex
александр д.,15 марта 2024,"Хочу отметить с благодарностью работу сотрудников этой компании, которые с радостью помогающих по любому обращению нас как клиента. Также хочется отметить большое количество полезных и нужных продуктов и сервисов в системе ППР. 
Также хотелось бы отметить в качестве совета для компании, проводить платежи клиентов более оперативно, зачислять деньги на счёт клиента. Есть некоторые замечания по работе личного кабинета, который периодически «виснет» и информация в нём может быть неактуальной, это касается баланса и транзакций. Неудобный интерфейс выбора периода транзакций, полсе нажатия на дату начала происходит изменение суммы транзакций, а только после выбора окончания периода вы сможете увидеть то, что хотели. Иногда это раздражает. Но в общем хочу отметить, что кабинет ППР лучше аналогичных разработок других топливных компаний. На последнее место из которых можно поставить систему Ликард Лукойла.",4,yandex
Сергей Н.,14 февраля,"Случайно заметил расхождение на 10% не в мою пользу (заправляемся на 700т/мес), менеджер говорит что изначальные условия (1,5% комиссия от оборота) дается только на 3 мес. далее они могут регулировать сами и уведомлять путем mail рассылки. Очень не доволен данной компанией. Будьте аккуратней, сравнивайте чек и сколько списали с счета.",1,yandex
Лидия Петренко,12 декабря 2024,"С компанией работаем давно. Отличный коллектив. Хороший овердрайф. Компанией довольны. Заправки по всей России. На вопросы ответы реактивно прибывают. Личный кабинет работает отлично. Всё устраевает, менять не собираемся. Спасибо организованности.",5,yandex
Ольга Ермаченко,24 мая 2024,"Были здесь на профориентационной экскурсии для школьников. Сказать, что нам понравилось-это не сказать ничего. Нас встретили, как самых дорогих гостей, провели бизнес-игру, подарили сувениры, показали офис и накормили от души. Спасибо всем, кто организовал нам этот праздник, а задействовано было много людей. Перед нами выступали и бывшие стажеры и директора отделов. Ни одного замечания не сделали детям. Это большая редкость на экскурсиях. Терпеливо выслушали все детские идеи и общались с детьми на равных и с уважением. Сужу о людях по их отношению к детям. Делаю вывод, что здесь работают хорошие люди и профессионалы своего дела. Спасибо большое!",5,yandex
Транс Х,11 декабря 2024,"С данной компанией работаем не первый год, представляют множество услуг, что очень важно для работы транспортной компании, удобные программные интерфейсы от отслеживания баланса, до предоставления отчетности. Компетентные грамотные сотрудники, готовые помочь решить любой вопрос. Очень рекомендуем данную компанию для сотрудничества!!!",5,yandex
Д,17 апреля 2024,"Надежная компания! Постоянно добавляются новые сервисы. Личный кабинет удобен и многофункционален. Количество дополнительных услуг (Мойки, шиномонтаж и т.д.) удовлетворяют практически все наши потребности. Хотелось бы в некоторых городах увеличить покрытие по услугам, мойка и шиномонтаж. Филиалы нашей компании находятся на всей территории РФ. Отдельная благодарность менеджеру клиентского отдела Ольге Булгаковой за оперативное решение все наших вопросов. Компания РУСБИЗНЕСАВТО.",4,yandex
Галина Мирошниченко,13 марта 2024,"ООО ДОРАВТОСТРОЙ выражает благодарность всему коллективу Компании ППР, за грамотную и квалифицированную работу. Особую благодарность нашему менеджеру Галушкиной Анне Станиславовне. Спасибо за работу! За индивидуальный подход и быстрое решение поставленных задач!. Низкий, Вам, поклон. И большого терпения!",5,yandex
П,28 октября 2024,Все очень удобно и приятно работать. Особо хочу отметить работу нашего менеджера Савичева Наталья Александровна всегда на связи и всегда помогает в любых вопросах.,5,yandex
"Это ""жжж"" неспроста (с)",23 мая,"Отвратительное отношение к клиентам. Оценка на Яндекс завышена ботами. Жаль, что связался с этой компанией. Деньги на счету, но пользоваться ими я не могу. А все вопросы к менеджеру только по рабочии дням до 17. До тех пор пока нет проблемы всё нормально, но в любой сложной ситуации контора отмораживается.",1,yandex
Кирилл Чечелев,3 февраля,"Благодаря ""динамической системе ценообразования"", заправлялись в 4 квартале 2024 года по цене стелла +7-10 руб. Хорошо вовремя заметили, больше не работаем.
Выводы делайте сами...",1,yandex
Анна Бородай,20 февраля 2024,"Хочу выразить огромную благодарность коллективу компании ППР. С данной компанией работаем уже 5й год. Все всегда четко, ясно и понятно. Широкая сеть АЗС, автомойки, оформление страховки, что очень удобно и экономит огромное кол-во времени. Отчетные документы всегда присылают в ЭДО. Спасибо старшему менеджеру Потеряйло Лилии за ее работу!",5,yandex
Галина Туршатова,2 ноября 2024,"Добрый день 
Наша группа компаний работает с ООО ППР работает давно
За время работы только положительные отзывы
Работаем с менеджером Якушевой Юлией, отличный сотрудник
Быстро реагирует на все запросы
Предлагает решения 
ООО ППР предлагает много интересных и полезных сервисов, всегда развивается в сторону клиента",5,yandex
Владимир Ш.,8 ноября 2024,Очень удобный сервис! Пользуемся с удовольствием . Спасибо менеджеру Лилии за такую оперативность и компетентность) Так приятно с вами работать!,5,yandex
Марина К.,12 февраля 2024,"ППР ВЕЗДЕХОД, показали себя как надёжный партнёр и я хочу выразить благодарность на этот счёт. 
ППР-это не только топливные карты и топливо, а еще страховка, шины и диски.
Отличные условия по страховке, своевременная поставка шин и дисков, адекватные цены на топливо (что не мало важно), отсрочка платежа.
Хорошее покрытие АЗС по всей России, партнеров ППР.
Самое главное, для водителя удобное приложение «LOCATOR» с легкостью можно найти нужные заправки по пути.
Большущее спасибо нашему менеджеру Тарасенко Олесе, за терпение и хорошие консультации, а также оперативную помощь в различных ситуациях. Приятно сотрудничать с квалифицированными специалистами своего дела, поставленные цели решаются в миг!!! На праздники, не когда не оставят без внимания, это всегда очень приятно!!!
Желаю Вам , каждый час в сутки заключать договор с такими компаниями как наша)))))
Спасибо Вам!!",5,yandex
"ООО ""Карат"" Челябинск",6 сентября 2024,"Плюсов-нет. Прошла неделя после заключения договора на поставку топливных карт, оплачена сумма, гораздо бОльшая, для возможности эти карты использовать. До сих пор карты не доставлены по указанному адресу. На письма не отвечают, персональный менеджер Маслова- работает так,что её работа оставляет желать лучшего. Позор просто. 
Дополняем отзыв. После получения нами топливных карт и их активации- сотрудники несколько дней не могли заправить авто- напомню- деньги на балансе есть. Более того, ППР усложнили доступ в личный кабинет, добавив к паролю СМС-код на телефон. До сих пор менеджер Маслова на письма не отвечает, а дозвониться туда- не реально. Отдельное ""спасибо"" работнику Алине, которая не в состоянии передать информацию сотрудникам о возникших проблемах.",1,yandex
Наталья Ф.,26 декабря 2023,"Отличная компания. Работаем более 10 лет. Отчетные документы предоставляют своевременно и очень информативно, широкая сеть АЗС. Можно подобрать тариф на обслуживание с подходящими условиями. Также есть возможность оформить ОСАГО на автомобили. Отдельное спасибо Анне Моисеенко и Оксане Алимовой за оперативность и помощь в возникающих вопросах.",5,yandex
Алена М,6 мая,"Отвратительная компания, обслуживание 1 тыс 485 руб , без причины снимают . Операторы хамят , личный кабинет вход вечные проблемы. Хорошо что перешли в другую компанию и Вам советую",1,yandex
д пашкин,24 октября 2024,"Добрый день!
Работаем с компанией более 18 мес.
Минусов и претензий нет.
Все чётко настроено по услугам и отчётам для бухгалтерии. Своевременно ответ на запросы.
Обновление информации по новым продуктам и услугам.
Рекомендую.
Дмитрий П. АО ,,Людиновский тепловозостроительный завод,,",5,yandex
Рустик Валерич,13 февраля 2024,"За пять лет с картами Вездеход мы развивались вместе. На данный момент используем дополнительно мойки, покупаем товары на АЗС. Иногда используем такси, очень удобно, что оплата идет с одного счета. Сотрудники компетентны и всегда идут навстречу, что в текущей топливной обстановке положительно влияет на бизнес: и условия пересмотрят в лучшую сторону, и выгодный тариф предложат. Нашему менеджеру Ольге спасибо за постоянную поддержку.",5,yandex
ДРАЙВ ТРЕЙД КОРП,17 октября 2024,"Обходите эту компанию стороной, внимательно читайте условия договора и смотрите на цены за топливо за которое Вы платите, Вас завлекаются скидками на топливо (от рубля от столба), по факту вы за топливо будете переплачивать 2-3 рубля, либо платить процент от заправки в виде обслуживания. Работали 5 лет, но оказывается последние полгода нам по тихой сменили условия. Отказались от обслуживания и перешли работать по картам напрямую с производителями и оператором, что заправлЯет через приложение Заправки.",1,yandex
Денис П.,4 декабря 2024,Выражаю благодарность ведущему менеджеру по продвижению новых продуктов Лилии Потеряйло за ответственную работу и помощь в оформлении полиса ОСАГО. Желаю успехов в работе!,5,yandex
Ильдар Гайнуллин,23 ноября 2024,"С виду и по деятельности огромная компания, которая гарантирует беспроблемную и бесперебойную работу. И отзывы положительные. Но я столкнулся с безразличностью, пофигизмом. Перед тем как заключать с ними договора, изучите все нюансы. Так как в последующем, при возникновение каких либо ситуаций , всем будет пофиг до его решения.",1,yandex
Ageres,23 ноября 2023,"Отличная компания и компетентные сотрудники. Договорённости соблюдаются в полном объёме. Особенно приятно работать с менеджером Елена, всегда на связи, вопросы решаются быстро и качественно.
Так же приятно было работать с Оксаной Лазаревой, надеюсь все сотрудники такие компетентные и отзывчивые как эти люди. Добра вам и процветания.",5,yandex
vl n.,10 апреля,"Сотрудничаем с 2022 года, заправляешься по одной цене, а по факту на 10 процентов дороже, тариф меняют без предупреждения, будьте бдительны у меня лично 6 рублей с литра.",1,yandex
Елена Овчинникова,23 ноября 2023,"Отличная компания. Отличный сервис, всегда вовремя предоставляют отчетные документы, широкая сеть, доступные сервисы по картам мойки, шиномонтаж, сопутствующие товары, кредитная линия. Многофункциональный личный кабинет. Отдельное спасибо Хижняковой Елене за быстрое и четкое решение поставленных задач, приятное общение.",5,yandex
Михаил Дорошинский,4 июня,Отдельное Спасибо Алымовой Оксане за качественную и оперативную помощь при каждом обращении в ППР,5,yandex
Виталий Караулов,16 февраля 2024,"Присоединяюсь ко всем положительным отзывам о данной компании. Работаем по топливным картам ""Вездеход"" более 2-ух лет
Основные плюсы: 
Широкая сеть АЗС
Мобильное приложение и возможность заправиться не выходя из машины
Очень много где можно помыть автомобиль 
Пользуемся услугами для оформления командировки и такси.Рекомендую-это отдельная песня.
Оплата штрафов по ЮЛ. Система сама оповещает и экономит нервы",5,yandex
Дмитрий Ш.,28 мая,Сотрудничаем не так давно с компаний ППР. Все нравится. По АЗС очень хорошие условия.,5,yandex
Ольга Дашевская,30 октября 2024,"Сотрудники отличные и любезные. Но пришло разочарование в услугах. В Ярославской области новые карты оказались бесполезными, очень мало бензоколонок на которых можно заправиться. Почему то старые карты проходили, новые нет. Задумались об не вездеходе, а об картах конкретных брендах бензоколонок.",3,yandex
Анастасия Прошина,6 декабря 2023,"Заключили второй договор с ППР - все сделали оперативно, карты пришли в срок. Есть возможность выбрать тариф с подходящими условиями на интересующих АЗС. Отличная возможность оформить отсрочку платежа, и не переживать, если платеж долго зачисляется. Удобный функционал в личном кабинете. Персональный менеджер всегда сориентирует по всем вопросам, нам повезло с Анной Борисенко.",5,yandex
Инкогнито 5504,6 декабря 2023,"Работать с ППР - прекрасная возможность обслужить автопарк по всем направлениям: оформление страховых полисов; ремонт, шиномонтаж. Для сотрудников компании также есть плюсы, как оформление командировок, оплата такси. По каждой услуге предусмотрены отчетные документы, что позволяет отслеживать все расходы. Присутствует поддержка со стороны персонального менеджера Борисенко Анны. Очень довольны нашим сотрудничеством",5,yandex
семен бутюгин,22 сентября 2024,"Плюсов нет... Отправил работников в командировку, тут ППР деньги не может по выходным..... Оппа.....
Техника стоит, работников не смогли обеспечить..
Зато ППР ---- МОЛОДЕЦ 
Но рынок движется .... уже начали другие рассказывать , как у них построена работа .... И кстати скидка больше ... правда и от этих и от других не считал",1,yandex
Виталий З.,7 октября 2024,"Хорошая компания, удобный сервис обратился за полюсом ОСАГО менеджер Лилия быстро и оперативно все сделала большое ей спасибо",5,yandex
С,27 ноября 2023,"Отличная компания, помимо топлива радует сервис различных услуг. Учет всех возможных расходов связанных с автопарком. Отдельно хочу поблагодарить Ольгу Булгакову, которая всегда приходит на помощь при возникновении нестандартных ситуаций!)",5,yandex
Алексей Н.,22 ноября 2023,"С компанией ППР сотрудничаем уже более 4х лет, за это время не было никакого сожаления об этом плодотворном сотрудничестве, одни самые положительные эмоции. Чем подкупает компания: во-первых, самый большой спектр предлагаемых услуг (по сравнению с другими подобными предприятиями), во-вторых оперативное решение всех возникающих проблемных вопросов, в-третьих хочу дать высокую оценку сотрудникам и поблагодарить их за терпение, внимательность, теплоту общения, душевность, способность быстро вникать в проблемы пользователей ваших услуг. Особые слова благодарности хотелось передать менеджеру Булгаковой Ольге – специалисту с БОЛЬШОЙ буквы, которая мгновенно вникает во все задаваемые вопросы, и помогает даже в выходные дни. Этот человек – достойное лицо компании ППР. В заключении хочется пожелать вам долгих и плодотворных лет процветания, развития, дальнейшего роста (количества сервисов), высокой конкурентоспособности на рынке труда, надежных партнеров. А вашей команде незабываемых, ярких событий в жизни, и неуклонно роста финансового благополучия. СПАСИБО!",5,yandex
Инкогнито 3398,13 февраля 2024,"Отличная компания. Сотрудничаем более трёх лет. За это время только положительный отзыв. Молниеносно реагируют на просьбы, предлагая лучшее решение той или иной проблемы. Самые компетентные сотрудники. Особенную благодарность хотим выразить Ольге Лихачевой за помощь в ситуации в новогодний период, в содействии в максимально быстром решении по кредиту для нашей компании, а также по подбору самого удобного и выгодного для нас тарифа по заправкам.",5,yandex
Дмитрий Альфа Дизель,11 февраля,"Лукавая компашка. Несколько раз обманули и по скидкам и по стоимости. Расторгаюсь. Ложечки нашлись, а осадочек остался.",1,yandex
Юрий Чекмаев,21 марта,"Были проблемы с возвратом средств по безналу. Менеджер Дарья помогла решить вопрос, спасибо большое!",5,yandex
А,15 ноября 2024,"Виктория отличный работник ,всегда поможет во всем разобраться и решить возникшие проблемы, сообщит и поможет разобраться новых услугах .",5,yandex
Шема Меликова,1 апреля,01.04.25 год . ППР молчит .карты их не работают . сотрудники не смогли заправиться. работа организации остановилась .,1,yandex
Р,9 августа 2023,"Отличная компания! Работает все чётко без сбоев, по мимо топлива в приложении много разных, интересных сервисов. Отдельное, большое спасибо сотруднику Кукатовой Алине. Помогла разобратся с каршерингом, точнее разобралась. Желаю Вам удачи!",5,yandex
cappuccino,25 августа 2023,"Хочу выразить огромную благодарность Елене Хижняковой. За четкое, быстрое решение поставленнох задач и приятное общение, считаю, что такими работниками можно гордиться и брать с них пример в работе и культуре общения с клиентами ! Побольше таких сотрудников! Она хороший пример честности и добропорядочности, в чём у меня, и надеюсь у других, были реальные случаи убедиться и сказать ей большое спасибо за это!",5,yandex
Денис,16 октября 2023,"Работали с ППР с 2014г. Сбои в документообороте были всегда. Некоторые вопросы решались месяцами. Но подкупала большая сеть АЗС по всей стране. Но вдруг, при заправке на лукойле, отказ от приема карты вездеход к оплате уже после залива топлива. Никакой информации от ППР об изменениях в обслуживании не поступало! Кроме того, оказывается, с сентября установились дополнительные коэф. на стоимость топлива практически на всех заправках от 2% до 4%. Никто об этом не предупреждал! Но и даже та информация, которая размещена официально, на практике лжива ( заправки ""Газпром по информации ППР не берут комиссию за ДТ, а на практике берут). Очень обидно после стольких лет получить полное безразличие. В кол. центре только общая информация и никакого решения проблем. Будем отказываться и искать другой вариант.",1,yandex
Валентина Савосина,17 октября 2024,Отличная компания! Рекомендую! Огромное спасибо менеджеру Потеряйло Лилии!Сервис на отлично!!!,5,yandex
Дмитрий,6 марта 2024,"Просто перекупы ! Которые заманивают скидками, а потом пользуются моментом и продают с накидками да и большими!! Вот и все!! Никому не рекомендую работать с этой компанией! Все положительные отзывы до того накручены, что смешно читать!! Позвонил сказал , что не буду работать с ними больше, раз так поступают, так еще и 17000 с небольшим еще и денег сняли , какой то информационный сбор! Работали с ППР 2 года! Там только одни обещания!! Очень похоже на ПИРАМИДУ))))",1,yandex
Л,29 августа 2023,"Работаем с компанией ППР 3 года. Отличный сервис, менеджер Мария Болдырева всегда на связи, всегда помогает в сложившейся ситуации. Очень приятно работать. Много дополнительный сервисов.Всем рекомендуем сотрудничать с компанией ППР.",5,yandex
Sleepnaz,10 июня 2024,"Самое простое и удобное, если хотите оптимизировать автопарк. Хорошая служба поддержки, по любым вопросам ответят и помогут. Использую их услуги для своих авто более года, очень сильно упростили мне жизнь.",5,yandex
Татьяна Филина,29 мая 2024,"Около года работаем с топливными картами Вездеход. В начале были вопросы по документам, по личному кабинету, менеджер всегда помогал. Сейчас система налажена. Как бухгалтеру мне очень удобно выгружать отчеты, менять лимиты, следить за расходами. Надеемся на долгосрочное сотрудничество!",5,yandex
myasprodukt m.,16 декабря 2024,"Спасибо команде ППР, удобно , быстро , логично .",5,yandex
Катерина,25 сентября 2023,"Очень жаль, что компания не заботиться о своих клиентах. Сотрудники по номеру 8800 абсолютно не компетентны. У нас заблокировали карты и не могут включить уже 4 дня. Вся работа на производстве остановилась. Каждый раз операторы говорят разную информацию. Складывается впечатление, что сотрудники первый раз видят программу, в которой работают, они не понимают когда крайний срок оплаты перед блокировкой, они не понимают, какую сумму нужно заплатить чтобы система заблокировала. В результате такой не компетентной консультации, нас отключили, а теперь говорят, что включить не могут. Подумайте несколько раз, прежде, чем принимать решение о выборе сотрудничества с данной компанией. Мы очень разочарованы.",1,yandex
N,12 сентября 2023,"Самая широкая сеть, что очень важно, можно обслужиться практически на любой АЗС. Персональный менеджер всегда поможет и все подскажет, большой плюс отсрочка платежа. Рекомендую",5,yandex
Татьяна Х.,6 декабря 2023,"Сотрудничаем с ППР уже в течении нескольких лет🤗
За это время нареканий в работе никогда не было👍
Своевременно предупреждают об изменениях.
Предлагают альтернативные варианты тарифов!!!
Топливо абсолютно устраивает!!!!!
Есть очень много различных сервисов,которые очень удобны в использовании!!!
Отдельно хочу выразить благодарность своему персональному менеджеру-Борисенко Анне,которая оперативно отвечает на звонки и готова помочь в любой ситуации!!!",5,yandex
Юрий М.,5 октября 2023,"Доброго дня! Работаю с данной компанией с 2022 года, по началу были не большие скидки на топливо (в районе 50 копеек с литра) как и обещала менеджер компании Ппр Олеся, а с августа 2023 года наоборот наценка (всё на скринах) после звонка менеджеру и почитав отзывы, понял что Ппр так работает, сначала не большие скидки на начальном этапе работы с ними, а потом наценка при этом без предупреждения и она (наценка только растёт с каждой последующей заправкой ) , а так же услуги такси( так же с наценкой) хотя везде пишут ( ппр) что без наценки. С данной компанией в будущем остановлю работу, так как есть компание у которых взаимовыгодное сотрудничество в отличии с ПРР, да по бизнес карте оплачивать дешевле и нет скрытых платежей (как писали выше в отзовах ). Пока не могу рекомендовать данную компанию.",1,yandex
И,27 апреля 2023,"Отзыв от компании ООО ""АвтопартУнивекс"". Работаем с ППР с 2012 года. Очень удобный личный кабинет. Удобно управлять автопарком, карточки принимают почти на всех заправках не только Москвы и области, но и других регионов. Большой спектр услуг. Удобное отслеживание штрафов. Сегодня получили транспондеры от компании ППР. Это еще один плюс. так как теперь отслеживать баланс стало проще. Хочу особенно выразить благодарность нашему менеджеру Алине Семиякиной. С момента заявки на подключение услуги и подписания доп. соглашения до момента получения транспондера прошло 2 дня. Алина была всегда на связи. Четко объясняла и помогала. ОГРОМНОЕ СПАСИБО. Все оперативно и профессионально. От компании ППР только положительные эмоции. Рекомендую...",5,yandex
Павел Морозов,2 декабря 2023,"Все нравится, очень удобно работать с отсрочкой. Заказываем шины уже не первый сезон. Спасибо Ольге Лихачевой, нашему менеджеру, за оперативную помощь , всем советую 👍👍👍",5,yandex
Ксения Келлерман,24 декабря 2024,"Прекрасный , шустрый специалист, спасибо за работу",5,yandex
Елена,29 ноября 2023,"Отличная организация! Много сервисов, доступный личный кабинет. Индивидуальный подход. Персональный менеджер Елена всегда ответит и оперативно решит любые поставленные задачи.",5,yandex
Фатеева Елена,3 октября 2023,"Серьезная надежная компания! Приятно работать с таким партнером. Грамотные сотрудники всегда готовы оказать помощь. Карты обслуживаются везде. У водителей есть мобилка, они всегда могут найти заправку по пути. Рекомендую к сотрудничеству! Ребята-молодцы!",5,yandex
Алексей Басалаев,13 сентября 2023,"Мало заправок. Никаких скидок. Любая корпоративная карта выгоднее. Берут деньги за обслуживание лицевого счета, поднимают цены.
Но отзыв заставило меня написать не это. Мы работали с ППР, работали по предоплате. Если деньги на счету заканчивались - заправиться было нельзя. Ну мы и перестали заправляться. Спустя несколько месяцев присылают они нам требование - мол, долг 540 рублей. Я говорю - по договору его быть не может ну никак, вы нас в кредит не заправляли. Теперь они передали этот ""долг"" коллекторам из ""МБА Финансы"". Чудики еще те. Ошиблись в биллинге - ну так и скажите, оплачу и всё, не те деньги. Но теперь нет, натравили на меня коллекторов, если я дождусь иска - мба пойдут за вымогательство, а ппр за мошенничество, предоставив им подложные документы. Не рекомендую связываться, по-хорошему потом не расстанетесь.",1,yandex
А,22 апреля 2024,"С компанией ППР работаем давно. В основной массе только положительные отзывы. бывают правда косяки с сервисом отображения и оплата штрафов. Но после обращения к прикреплённому специалисту, проблема решается оперативно. Желаю всех благ и процветания компании.",4,yandex
Сергей Полухин,4 ноября 2024,"После подписания документов на расторжение договора продолжают снимать деньги со счета, после чего не закрывают счет, ссылаясь на задолжность. Снимают деньги за неоказанные услуги!!",1,yandex
Компания Содействие,21 февраля 2024,"В общем - работать не хотят. Работает только колл центр, который безуспешно уточняет информацию и далее никакой информации не выдает. Менеджеры - мертвые души, никого нет и никто не работает, даже в почте никто не отвечает. 

Отзывы восторга на яндексе очень похожи не заказные и все выглядят как реклама. Не тратьте свое время, у сетей автозаправок есть свои топливные карты, а в остальном есть Яндекс.Заправки.",1,yandex
ООО ТРАНССТРОЙ,8 августа 2023,"Наша компания работает с ООО ""Джи Пи Си РУС"" через систему ППР с 2022 года. Менеджеры ООО ""ДПСР"" всегда на связи и все вопросы стараются решить в максимально короткие сроки, ответственные, дружелюбные, внимательные к клиенту. Личный кабинет ППР удобный. Отчеты по заправкам, оплатам и прочим операциям понятные и детализированные. Наш персональный менеджер Хижнякова Елена, делает сотрудничество с ООО ""Джи Пи Си Рус"" плодотворным, легким, комфортным, отвечая на все наши запросы оперативно, грамотно и доброжелательно.",5,yandex
П,18 ноября 2023,"Пользуемся картами уже несколько лет, нареканий в сервисе нет, наш менеджер на любой вопрос находит ответ, приходит на помощь. Мобильное приложение очень удобное, в целом довольны и руководители, и сотрудники.",5,yandex
А,26 января 2023,"Отзыв от лица компании ООО ""Прогресс Транс"": Абсолютно довольны сотрудничеством с компанией ППР. Удобный сервис, отличное обслуживание. Отдельный орден Иванушкиным Екатерине и Анастасии. Комфортно, оперативно, четко! Рекомендуем к сотрудничеству1",5,yandex
Алина Т.,2 декабря 2023,"Сервис на высоком уровне
Несколько лет работаем с ППР. Устраивает широкая сеть и удобный личный кабинет. Отдельно хочу отметить нашего менеджера Ольгу, она помощник во многих вопросах.",5,yandex
Юлия Буянова,5 октября 2023,"Благодарю компанию ППР за ответственность и серьезный подход. В настоящее время на топливном рынке не все так гладко, но мы продолжаем работать по картам Вездеход. Есть своевременные оповещения обо всех изменениях, наш менеджер все подробно поясняет. Хотелось бы вернуть скидки, но мы понимаем, что в текущей обстановке это тяжело.",5,yandex
Дмитрий,31 августа 2023,"От лица КФХ Жилина, Благодарю ООО ППР за надежное обеспечение топливом, в регионе присутствия большая сеть АЗС разных брендов принимающих карты Вездеход. Очень функциональный личный кабинет с большим набором сервисов. Платежи по договору проходят весьма оперативно, работают без сбоев!",5,yandex
Марина С.,29 августа 2023,"Отзыв от компании ООО ""ЕвроАзия+"". Мы благодарим нашего персонального менеджера Марию Болдыреву за быстрое решение вопросов и помощь . Очень приятно когда в компании такие профессиональные работники. Надеемся на дальнейшее плодотворное сотрудничество с ППР !",5,yandex
Диана Вахрушева,17 мая 2023,"Хочу выразить благодарность сотруднику данной организации Оксане Лазаревой. Приятно работать с людьми, которые относятся к своей работе настолько ответственно. Внимание, уважение и забота по отношение к клиенту, как правило, дает возможность для долгого, стабильного и плодотворного сотрудничества. Оксана одна из немногих кто это понимает.",5,yandex
Валерия Ш.,30 ноября 2023,"Работаем с ППР не первый год, за это время не было ситуаций, чтобы усомниться в правильности выбора компании. Все четко и по делу. Менеджер Анна Борисенко компетентно отвечает на все поставленные вопросы, быстро решает поставленные задачи. В общем, рекомендуем компанию к сотрудничеству.",5,yandex
Виталий Эрлих,21 ноября 2023,"Поддерживаю положительные отзывы в адрес этой компании . Действительно очень легко и комфортно работать с ней. Особенно я хочу выделить Личный кабинет и аналитические отчеты, которые позволяют планировать затраты ГСМ на квартал. Мы довольны сотрудничеством!",5,yandex
А,28 ноября 2023,Отличная компания! Работаем с ними по страхованию техники (КАСКО и ОСАГО). Всё чётко и по лучшим ценам. Менеджер Оксана Алымова Вы супер! :-),5,yandex
Валерий Глазунов,28 марта 2023,"От лица нашей компании хотим выразить особенную благодарность нашему персональному менеджеру Семиякиной Алине, которая, будучи все время на связи, консультирует и помогает в решении всех вопросов по топливным картам, как по действующим, так и по новым! У Алины очень высокие профессиональные компетенции, оперативно помогает сотрудникам нашей компании и нашим водителям в режиме онлайн. 
Мы очень благодарны компании ППР, что в ней работают такие высококвалифицированные сотрудники! 
Глазунов Валерий Петрович, 
Операционный директор ООО Карго Драгон",5,yandex
Кэт,6 сентября 2023,"Хотите получить порцию нервотрепки и адреналина? Позвоните в коллцентр ППР. Здесь работает правило: ""сколько людей-столько и мнений"". Вы не услышите одинаковый ответ 2 раза ни по срокам решения проблемы, ни по порядку Ваших действий. Просто дно. 2 дня пытаемся зачислить свои же деньги на счет своей же компании. Информация от сотрудников и в чат-боте рознится постоянно. Менеджер так же бесполезна в решении проблемы. Вы серьезно? Вопрос же элементарный. И все остальное хорошо, но работа сотрудников вообще отбивает желание к вам обращаться. Ваш номер только врагам скидывать в качестве мести.",1,yandex
Юля Р.,5 сентября 2023,"Работаю с этой компанией не первый год. Менеджеры исполняют все поставление задачи в срок, оперативно решают возникающие вопросы, сопровождают на всем пути работы с ППР. 
Очень рекомендую их для сотрудничества!",5,yandex
Роман С.,25 мая 2023,"Спасибо за хороший объёмный продукт , за хорошую службу поддержки клиентов , всё работает , много дополнительных опций .
Хорошо теперь расширять сеть по дополнительним опциям : шинмонтажи , эвакуаторы , круглосуточные авто сервисы итп.. возможно лизинг или автокредитные организации с ндс .",5,yandex
"ООО ""ГРАДОС""",15 января 2024,"Постоянно добавляются новые сервисы.
Использовать сервисы просто - есть приложение и сайт с интуитивно понятным интерфейсом. За более 5-летний период работы обращение в службу поддержки не потребовалось",5,yandex
Людмила .,28 сентября 2023,"Отвратительное обслуживание своих клиентов. Менеджеры работают только на завлечение - после Вы будете часами висеть на трубке их горячей линии или общаться с ботами, которые не смогут вас даже направить в нужном направлении. Повышение тарифов, изменение условий в одностороннем порядке является нормой, на все вопросы - шаблонные ответы -перефразирую ""разбирайтесь сами, ищите на сайте, следите за изменениями самостоятельно нам все равно"" )) Это не профессионально для такого крупного оператора - коем Вы себя считаете.",1,yandex
Марина Чистова,3 июля 2024,"Добрый день. 
Очень нравиться данная компания. Менеджеры внимательны и всегда помогут в решение вопросов",5,yandex
Антон,18 марта,Ну крутые ребята. Все очень на высоте,5,yandex
Антон Ч.,11 сентября 2023,"Работаем с ППР давно. Чем дольше, тем хуже. Не компетентные сотрудники, не обязательные, безответственные. Начался полный обман, как только ситуация на рынке топлива изменилась в сторону роста цен. ППР самостоятельно изменила условие договора не уведомив клиента. На просьбу прислать письмо об уведомлении уже два дня прошу, письма нет. Худшего отношения к своим клиентам на таком уровне ещё не наблюдал. ППР просто рухнули на дно своего бизнеса.",1,yandex
Хабиб У.,14 февраля,4 часа проторчал на заправке из за того что 4 часа не приходил смс код !!!,1,yandex
Инкогнито 8582,12 февраля 2024,Сотрудничать стали не так давно. Удобно оплачивать за топливо. Наш менеджер Олеся Тарасенко всегда на связи объяснит пояснит и подскажет.,5,yandex
Владимир Ж,12 октября 2021,"Уже второй год пользуемся в 2-х транспортных компаниях данными картами. Отчетность четкая. Есть возможность овердрафта. Принимают почти на всех заправках. Удобно в управлении парком. Отслеживает штрафы. Водители пользуются мойками и шиномонтажом. Отдельное удобство - это парковки Москвы. У водителей никогда нет денег и потом штрафы оправдывают, что не было денег на оплату, а теперь нет проблем. Приложение устанавливается в телефон и проблем нет. Недавно был сбой в приложении ""Паркоматика""(это приложение парковок), менеджер Юлия оперативно все решила и водитель смог спокойно работать.",5,yandex
Гость,10 ноября 2023,"К сожалению, нельзя оставить несколько отзывов подряд. Опять столкнулись с той же проблемой, не могут качественно выписать документы 


Ужасный сервис.
Дозвониться невозможно, портал работает через раз 
На протяжении многих месяцев выставляют документы с ошибками. Каждый раз просим переделать, прикладываем документы, на следующей месяц одно и тоже.

Бот не соответствует ожиданиям",1,yandex
ден денверов,23 января 2023,"Работаем как юр. Лицо больше 13 лет с ппр. Компания в общем надежная, расширенная сеть АЗС, можно подключить много услуг к картам в в виде моек, страховок, иногда случаются сбои, за 2022 было 2 массовых сбоя из за хакерских атак, которые к сожелен решились не быстро, сутки не могли заправится по картам, машины стояли, было множество отписок, но проблему устроил. Перезаключили новый договор, более выгодный тариф, появился персональный менеджер, видно улучшения в обслуживании. В общем работать можно.",4,yandex
Олег,30 ноября 2023,"Классный офис, просторный, со всеми плюшками в виде кухни с фруктами/овощами и печеньками. Открытые и дружелюбные сотрудники.",5,yandex
irubliov,24 октября 2023,"Работаем с компанией ППР больше 6 лет. И только сегодня узнали, что наш тариф оказывается архивный, поэтому мы за каждый литр ДТ переплачиваем ППР по 5 рублей. В чеке АЗС 4402рубля за 70 литров, а ППР с нас берет 4702р. по отчету о транзакциях. Настоятельно советую всем перепроверить свои тарифы и транзакции. Нет желания считать убытки в связи с данной ситуацией, будем искать более адекватных контрагентов.",1,yandex
Виталий В.,17 октября 2023,"Отзыв от компании ООО ""МРС"". Работаем с ППР более 2-х лет. Все удобно и понятно. ППР постоянно развиваются и предлагают новые услуги. Спасибо за взаимовыгодное сотрудничество!",5,yandex
Евгений Савченко,12 февраля 2024,"Работаем 5 лет с этой организацией, есть и скидки и накидки, куча допсервисов. есть возможность оплачивать сопутствующие товары на заправках",5,yandex
Курашев Андрей,9 ноября 2023,"Самовольно подключают дополнительные платные услуги, в одностороннем порядке изменяют условию договора, ссылаются на рассылку уведомлений которые никто не видел и не отвечал. На вопросы в личном кабинете ответов Не дают, самостоятельно меняют статус на ""выполнено"". НА ТЕЛЕФОН УКАЗАННЫЙ НА САЙТЕ НЕ ДОЗВОНИТЬСЯ, на просьбу перезвонить 3 раза не ответили.",1,yandex
ТЭК ДенТранс Копейск,24 января 2023,"Работаем с данной компанией с 2018 года. За время сотрудничества ППР зарекомендовал себя как ответственный, надёжный, лояльный партнёр. Больше всего нравиться то что компания не стоит на месте и постоянно внедряет новые продукты, которые действительно нужны современному бизнесу. Спасибо за сотрудничество! ООО ТЭК ДенТранс",5,yandex
ミステリーショッパー,14 февраля 2023,"Пользуюсь услугами данной компании около 5 лет.
Обещали отсрочку платежа, а по факту предложили приобретать топливо в кредит.
Аналогично с лизингом, ни одно предложение из указанных на сайте и в рассылках не подтвердилось. Как я понял, лизинговые компании им платят агентские за приведенного клиента. 
Но пару дней назад случайно увидел, что в закрывающих документах ППР не то что не предоставляет скидки, а наоборот прибавляет к стоимости топлива около 7%. 
При этом не забывают дополнительно удерживать около 1 тысячи рублей за обслуживание.
Дал распоряжение прекратить сотрудничество с данной компанией.",1,yandex
М,1 сентября 2023,"Добрый вечер. Хочется оставить отзыв о всей команде Ппр,работали с несколькими личными менеджерами,сейчас работаем с Марией! На выходных несколько раз выручали с предоставлением заправок в минус. Есть свои ньюансы,но в целом все супер!",5,yandex
Виталий,14 июня 2023,"Выгодные условия не только по заправочным картам, но и по другим сопутствующим услугам. Оперативно, корректно, ""с душой""! ОСАГО - подобрали лучшие условия на рынке!",5,yandex
Анна Каменева,17 ноября 2023,"Широкая сеть, документы вовремя, персональный менеджер Елена Х. всегда на связи. Возможность отсрочки, индивидуальный подход . Рекомендую",5,yandex
Наридин К.,21 июня 2023,"Спасибо Татьяне Хайловой и ППР за предоставление топливных карт с необходимым для нас овердрафтом и в общем профессиональную работу, оперативное решение всех текущих вопросов . Отличный менеджер , хорошая компания !",5,yandex
Павел Романченко,25 октября 2023,"Все четко работает, очень удобно при разъездной работе. Виртуальные карты и бесконтактная оплата на уровне. ЖД билеты и такси - все с одного счета",5,yandex
uza lux,26 октября 2021,"Замечательная компания, работу свою выполняют отлично.
Обширная сеть АЗС-партнеров в приложении, удобные способы оплаты, быстрое зачисление средств на расчетный счет.
Для транспортной компании, занимающейся перевозками грузов по России - согласованные индивидуальные условия договора.
Для всех кричащих ""дорогое обслуживание, цены на топливо с ""+ к цене стелы"" АЗС"" - да, есть отдельные поставщики в рамках договора, у кого цена выше, и у кого цена ниже. В данном случае нужно подобрать продукт, которым будет удобнее пользоваться картами ППР.
Так же присутствует информационный сбор, указанный в договоре. Но, уважаемые, вы сами то будете работать бесплатно? Или, по вашему мнению, топливо должно быть дешевым исключительно для вас и исключительно на всех станциях? Такого не бывает.
В заключении хотелось бы написать - ППР зарекомендовал себя надежным партнером в ведении транспортного бизнеса, и все наши знакомые, владеющие небольшими транспортными компаниями, а так же знакомые перевозчики-ИП - выбрали именно ППР для сотрудничества!",5,yandex
Оксана,9 октября 2023,"Работаем с ППР и могу сказать,что реальные скидки,мобильное приложение-что очень удобно ,обратная связь по любому вопросу.Менеждер Ольга большая молодец.Советую всем",5,yandex
Карташилов Геннадий,15 ноября 2023,"Воспользовался помощником в приложении. На простой вопрос, могу ли на конкретной станции оплатить через приложение - получаю кучу формальных ответов. Из которых не понятно ничего. А вопрос простой Да или Нет. Как результат-не удалось заправиться. Это компания такая? Или гораздо масштабнее уровень проблемы?",1,yandex
Ольга З.,30 августа 2023,"Сегодня приняли окончательное решение о расторжении договора. Наверное, худший сервис в РФ по топливным картам. Абсолютно не компетентные сотрудники. На словах говорят одно, по факту другое. Будьте готовы, что даже после приостановления действия договора и отсутствием услуг со стороны ППР, вам будут выставлять счета, как будто вы пользуетесь подпиской какого-то сервиса.",1,yandex
Ольга Г.,3 сентября 2023,"Сказочно разводят ! Чудесная кантора которая самовольно поднимает стоимость топлива на три рубля к стоимости на стелле . Обьясняя это сложной ситуацией на рынке топлива ну и естественно каким то там пунктом в договоре. Подальше от таких супер партненров надо держаться, а то так и без штанов можно остаться. Государство душит ценами еще и эти лезут и совсем не скромничают",1,yandex
Татьяна Рогачёва,2 февраля 2023,"Одна из самых удобных и надежных компаний. Никаких сложностей в процессе работы никогда не возникает. Индивидуальный подход к каждому клиенту. Очень вежливые и грамотные сотрудники, знающие и любящие свое дело.",5,yandex
Мистер икс,14 мая 2024,"Найдите пожалуйста специалиста в Вашем офисе, который ответит на вопрос, почему с 9.04.24 я на 14.05.24 г., не могу получить топливные карты. 
Ужасный сервис.",1,yandex
Наталья Ф,2 декабря 2021,"ППР – Надежный партнер!!! Доступный и очень удобный личный кабинет, широкая сеть АЗС, огромное количество дополнительных классных сервисов!!! Быстрый, качественный документооборот. Очень довольны сотрудничеством! Елена Фатеева- менеджер всегда на связи, всегда поможет, расскажет о новых фишках. Все качественно и оперативно. Рекомендую !!!",5,yandex
алексей,6 ноября 2023,Скрывают всю правку о реальных тарифах. Работал в 2023 с этой компанией и честно сказать сильно разочаровался. Менеджер впаривает карты и говорит что скидка будет на бензин. По факту вы получаете к цене на бензин +7 % от Азс. Все кто хочет переплачивать по 4-5 рублей с 1л. Велком в ППР.,1,yandex
Аня,15 февраля 2024,"Нам нравится работа ППР. Дали карту и они заправляются где угодно. Карта не привязана к региону. Так же по картам мы моем машины, очень удобно!",5,yandex
Александр Б.,28 марта 2023,"Начали работу с компанией по рекомендации друга для контроля водителей. Есть мобильное приложение , в котором можно отследить все заправки. Большое количество АЗС и очень оперативные менеджеры. Приятно работать, все слажено!",5,yandex
Светлана,27 июля 2022,"Мне очень нравится сотрудничество с Передовыми Платежными Решениями (ППР). Имея многолетний опыт сотрудничества с подобными компаниями хочу сказать: ""ППР - лучшие!""
Очень удобный сайт. Ежемесячно закрывающие документы в СБИС и дуль на электронную почту. Платежи на лицевой счет зачисляются моментально. Мало того, вы сами себе выставляете счет на комфортную сумму, сами оплачиваете и можете выслать платежку в ППР и попросить, чтобы лицевой счет пополнили не дожидаясь зачисления на расчетный. Т.е. водитель подъехал к заправке и пока открывал лючек бензобака и шел к оператору, вы успеете пополнить счет. Никаких обязательств по суммам, объемам услуг. Попробуйте- Понравится-Рекомендуйте !!!(ППР)
Я попробовала, мне понравилось и я рекомендую!",5,yandex
А,11 сентября 2023,"Работаем с компанией более 3х лет - все устраивает. В личном кабинете все отчеты, документы, есть персональный менеджер, можно отслеживать и оплачивать штрафы ГИБДД. Спасибо, что не стоите на месте",5,yandex
Август,5 февраля 2023,"Начинали работать, по-моему, в 2014-15 годах, было неплохо. Топливо по картам ППР было с дисконтом, внятная и быстрая поддержка. Сейчас: топливо дороже, оплата за информационные услуги, в поддержке вотсапа и телеграмма только боты. Отказываемся от ппр, корпоративные банковские карты с ограничением по сумме и набору возможных услуг намного удобнее и дешевле.",1,yandex
Олеся Н,19 октября 2023,"Ужасная работа приложения мобильного. Уже в который раз не смогла заправиться. А менеджеры отвечают по 10 минут, хотя в очереди была первая, и предлагают в очереди на заправку переустановить приложение. Лучше наладьте нормальную работу приложения, чем добавлять новые услуги!!!",1,yandex
Антон К.,21 июня 2023,"Давно сотрудничаем по топливным картам. Всё хорошо, сервис один из лучших. Очень удобное мобильное приложение, как для сотрудников так и для управления. Удобно заправлялся прямо из приложения. Сегодня через ППР сделал страховку ОСАГО на 2 автомобиля. Очень хорошая цена оказалась, значительно ниже предлагаемых СК вариантов. Так что, рекомендую...",5,yandex
Михаил Есаулов,25 ноября 2021,"С этой компанией работаем около полугода, за это время только положительные впечатления. Далеко немногие могут предложить такой широкий спектр услуг по приемлемой цене. Очень широкая сеть АЗС по всей стране, возможность подключения овердрафта на индивидуальных условиях, быстрое зачисление денежных средств на счет, отлаженная система отчетности, удобный Личный кабинет, оперативное решение рабочих вопросов. Отдельно хочу выразить благодарность персональному менеджеру Шапурко Виктории.",5,yandex
О,4 октября 2023,"Передовые Платежные Решения, отвратительная компания. Чат в личном кабинете постоянно зависает, на вопросы не отвечают, при звонке на горячую линию грубят и очень нагло разговаривают. Сотрудничать с данной организацией невозможно. Не советую с ними работать. Столько нервов потрачено впустую!!!",1,yandex
Дмитрий Ш.,9 февраля 2023,"Отзыв от компании ООО ""КРК СтройТех"", 
Мы очень довольны сотрудничеством с компанией ППР, Сервис простой и удобный, выручают своей многопрофильной деятельностью, напоминают о страховках, консультируют в текущих вопросах. Особый респект персональному менеджеру Баландиной Екатерине Сергеевне.",5,yandex
Дмитрий V,9 ноября 2022,"Отличный сервис (агрегатор) для оплаты топлива по чти на всех заправках России. картами этой компании можно оплатить еще мойки, шиномонтаж, паковки, такси и многое другое.
И все это с НДС по безналичному расчету.",5,yandex
Наталья Щадилова,15 октября 2021,"Являемся клиентом данной компании уже довольно длительное время. Всё четко и прозрачно. Всегда можно договориться, всё разъяснят, особенно благодаря персональному менеджеру Хижняковой Елене, которая всегда на связи, всегда поможет, если нужно. Очень приятно иметь дело с профессионалом. Никаких подводных камней нет. Есть овердрафт, шиномонтаж, мойка. Каждый месяц получаем отчет. Очень довольны.",5,yandex
Юлия Л.,3 мая 2023,"Недавно работаем с картами вездеход, сервис на уровне! Наш менеджер всегда на связи, подключили отсрочку, заправляемся бесперебойно. Спасибо Ольге за отзывчивость.",5,yandex
Наталья К.,1 декабря 2022,"Добрый день. Вынуждена оставить негативный отзыв, так как компания не идет на встречу постоянным клиентам. Надеюсь этот отзыв увидит Руководство. У нас с ППР работают 6 юридических лиц. Суммы переводов не маленькие, так как достаточно большй автопарк. По одной организации, временно, не можем осуществлять оплату, обратились за согласием на оплату третим лицом. Сегодня пошел шестой день решения этого впороса. Наш автопарк стоит. Несколько раз обращалась в чат с просьбой ускориться и войти в положение. В итоге, тишина. Никакой оперативности и ориентации на клиента. После налаживания ситуации, буду искать другую компанию для работы.",3,yandex
Тигран,12 декабря 2024,Отличное место работы с приятными людьми.,5,yandex
Андрей Андреев,22 декабря 2023,"Отличный сервис, всё быстро оформляют, дешевые тарифы. Огромное спасибо Оксане!",5,yandex
Ю,24 ноября 2023,"Спасибо ППР за работу, все на уровне, не ограничены одним тарифом, готовы работать индивидуально.
Рекомендую 👍🏽👍🏽👍🏽",5,yandex
Максим Куликов,10 января 2023,"быстрая регистрация и оформление
пополнение по безналу
много заправок (почти все) в партнерах
бонус - сопутствующие организации типа заправок и прочих шиномонтажек",5,yandex
Ксения М.,8 февраля 2024,Не предупреждая заранее устанавливают дополнительные коэф. на стоимость топлива практически на всех заправках до 7%. Клиентов не ценят своих.,1,yandex
Александр,28 июня 2022,"Добрый день! 3 года сотрудничаем с компанией ППР. За всё это время никаких негативных моментов не было. Вопросы решаются оперативно. Очень грамотный персонал, готовый проконсультировать и помочь незамедлительно. Большой спектр предоставляемых услуг, касаемо АЗС, командировок, такси. моек, шиномонтажа и т.д. Отличная компания!!!",5,yandex
алина п.,29 августа 2023,"Хочу выразить благодарность компании ППР. В частности - менеджеру Марии Болдыревой, очень компетентный и грамотный специалист.",5,yandex
Инкогнито 5577,13 февраля 2024,"Поставщик полностью устраивает. Работаем с 2018г. Особая благодарнось Елене, всегда поможет даже в не рабочее время.",5,yandex
Иван Ф.,6 октября 2023,"Работаем с ППР 2 года. Всегда можно заправиться по их картам. Доступный личный кабинет , персональный менеджер. Рекомендую к сотрудничеству!",5,yandex
Анна Туманова,11 августа 2023,"Хочу выразить благодарность ППР. С любым нашим запросом готовы прийти на помощь! У нас были разные менеджеры, все умницы!",5,yandex
Елена Романова,12 июля 2023,"Служба поддержки крайне кривая. 6 месяцев как заблокирован личный кабинет. Для разблокировки личного кабинета выслали дс с факсимиальной печатью, мною было подписано ЭЦП но их это не устраивает. Через месяц ругани выслали в ЭДО дс подписал и 2 дня они не могут обработать. крайне не рекомендую!!! Больше похоже на обман.",1,yandex
Виктория ***,8 февраля 2023,"Только начали работать с данной компанией и нам очень не нравится формат документов которые составлены не по датам, а в хаотичном порядке. Заказала обратную связь, перезвонили мне, сказали выясним этот вопрос у бухгалтерии и пропали...... нет ни ответа, ни переделанных документов (УПД)! счёт фактуру на аванс не дают!!!! отвратительное отношение к клиентам! 
очень разочарованны.",1,yandex
М,17 ноября 2021,"Сотрудничаем с компанией года 3. Все очень удобно, функционально. Обширная сеть заправок. Недавно подключили овердрафт, очень удобно.
Отдельное спасибо нашему менеджеру Хижняковой Елене за профессионализм",5,yandex
viktoriya,6 декабря 2021,"Компания порадовала наличием большого количества сервисов для автопарка, еще бы скидок было побольше!
Очень удобно пользоваться личным кабинетом и смотреть за расходами по каждой карте, мы еще подключили оплату штрафов - очень удобно. Дают отсрочку платежа, если нужно, менеджер всегда на связи, все документы приходят вовремя.
Рекомендую ППР как надежного партнера",5,yandex
Р,13 июня 2023,"Хороший сервис , большое количество АЗС , так же подключили недавно овер ,даже на выходных заправляются , без проблем . Пока все нарвится",5,yandex
I,9 декабря 2021,"Самая надежная компания. Мы в восторге. Отлаженная работа, все очень четко. Принимают на всех заправках по всей стране. Перешли с другой компании примерно полгода назад. Одно удовольствие. Огромное спасибо руководителю этой организации за такую слаженность и атмосферу. Отдельное спасибо Акуловой Светлане, нашему менеджеру, очень внимательному и замечательному.

С уважением, 
Инга - помощник руководителя АО ""ИСТОК"", г. Беслан, Северная Осетия-Алания Республика.",5,yandex
А,7 июня 2023,"Работаю с компанией уже длительное время, в обслуживании все устраивает. Большой плюс в том, что можно подключить кредитный лимит на компании.
Спасибо за работу.",5,yandex
Карина Г.,11 ноября 2021,"С 2018 года работает с ППР, обслуживание великолепное, покрывают практически все заправки расширяют мойки, это очень удобно для компании. Отдельную благодарность хотелось бы выразить нашему персональному менеджеру Хижняковой Елене! Всегда на связи если случаются непредвиденные обстоятельств!",5,yandex
Татьяна Кривошеева,17 апреля 2023,"Прекрасный сервис, до первых проблем. Подписываете договор с кредитным лимитом, но этот лимит все равно не работает. Произошла блокировка карт и личного кабинета, рассмотрят и разблокируют в течении двух недель, не раньше. Не умеют решать оперативно проблемы.",2,yandex
ВКТ-Контроль,1 февраля 2023,"Отзыв от лица компании ООО ""ВКТ-КОНТРОЛЬ""
ППР отличный сервис!!!
В нашей компании благодаря ППР без лишней траты времени закрываем вопросы :
Топливо
Шины-Диски
Страховка
Оплата штрафов
В планах опробовать сервисы ""Командировки"" и ""ТО и ремонт авто""",5,yandex
Т,26 ноября 2023,"Хорошая работа, много сервисов. Вежливые менеджеры, готовые помочь даже в нерабочее время.",5,yandex
Людмила Т.,13 октября 2021,"Работаем с данной компанией с 2018 г.(ранее называлась по-,другому) и очень довольны. Все возникающие вопросы решаются с нашим персональным менеджером Хижняковой Еленой, по возможности , оперативно, за что ей большое спасибо. Управление картами осуществляется в ЛК, что очень удобно. За весь период работы был один неприятный момент-сбой в ЛК , но, думаю, компания приложила все усилия для восстановления его работы -на сегодняшний день все снова без проблем работает. Заправки автомобилями нашей организации осуществляется ежедневно, глобальных проблем никогда не возникало.",4,yandex
Роман В.,15 июня 2023,"Работал несколько месяцев , закинули в минус 947 рублец за информационные услуги, никаких условий таких при составлении договора не было, работаю с руспетрол уже год , никаких обманов нет. Ппр шляпа",1,yandex
олдж,24 ноября 2021,"Лучший поставщик на топливом рынке. Отличный сервис, широкая сеть АЗС, персональный менеджер, горячая линия 24/7,индивидуальные условия, мониторинг штрафов. Для бухгалтера под рукой всегда вовремя доступна нужная информация. Спасибо ППР и сотрудникам за правильный подход к клиенту.",5,yandex
А,23 ноября 2021,"Работаем с организацией с 2018 г, все устраивает. Отличный сервис, можно мониторить штрафы, пользоваться услугой командировки. ЭДО работает безупречно, что позволяет вовремя закрыть месяц и предоставить внутренние отчеты, в отличие 
 от другого поставщика, с которым были проблемы. Персональный менеджер Елена всегда на связи, всегда поможет, даже в нерабочее время.
Хочу сказать организации за все огромное спасибо!",5,yandex
Альбина Галушкина,26 ноября 2023,"Нас полностью устраивает партнер. Сейчас еще заключили договор на командировки, очень удобный сервис.",5,yandex
Екатерина Гаценко,4 июня 2023,"Пользуюсь 3 год для ИП просто ужас ужастный то меняются тарифы и вы платите дороже чем на стелле, то доп соглашение согласовывают месяц а то и два. Финалом стало то что попросили платить по новым реквизитам, ну ок новые так новые, в воскресенье деньги были переведены на р/с и что заправляясь вечером отказ на азс так как деньги не поступили.( ранее этих проблем небыло ) Звонок на гарячую линию и по итогу должны были подключить овердрафт но что в 20.30 этого же дня при повторном звонке мне говорят а эту услугу полключат только с утра, с 12 до 13 был сотрудник. Как решение проблемы предложили еще раз пополнить счет только на другие реквиты. Вопрос зачем мне это надо, тоесть по мнению компании я должна замораживать свои деньги по их некомпитенции. Класс ребята так держать.",1,yandex
Михаил Н.,5 мая 2022,"Хуже партнера для бизнеса нет! Могут заблокировать карты в любой момент, изменить лимиты, условия оплаты. У нас заблокировали карты под перелогом что они в одностороннем порядке отключают нам рассрочку БЕЗ УВЕДОМЛЕНИЯ! Пополнил баланс перед праздниками заранее, кинулся карты не работают и работать не будут, пока я не пришлю им соглашение на отказ от рассрочки оплаты, то есть отказали они, но я должен отказаться сам! Расторгаю договор-2 недели игнора, куча бумаг выдуманных из головы, каких-то писем, пояснений, тянут как хотят. На 3 официальных запаса вернуть оплату ноль реакции-прислали бумагу что вернут в течении ТРИДЦАТИ ДНЕЙ. Не видитесь на сказки и обещания ради заключения контракта с ними, по факту подставят вас на ваши же деньги 
Многие пишут персональный менеджер - ХА, за 5 лет слышал один раз при заключении договора, потом все колл центр и заявки на почту, всем пофиг что у тебя произошло и машина ночью не может заправиться",1,yandex
Антон Пугачев,23 января 2022,"Что могу сказать. Наше общение началось с обмана. После заключения договора с лизинговой компанией, позвонила менеджер от ППР, Евгения Коробкова (вы ведь так любите называть имена менеджеров в заказных хвалебных отзывах), представилась официальным партнером лизинговой компании, предложила заключить договор. На ответ что у лизинговой компании есть своя топливная программа, мне ответили что ППР и есть эта «своя» топливная программа. 
Я поверил, заключил договор. Закинул денег. После первой заправки понял что топливо оказывается не дешевле, а дороже почти на 3%. 
Вчера мне позвонил менеджер от лизинговой компании, и предложил заключить договор на топливную программу. Я ответил что мы с вами работаем, и в диалоге оказалось что ППР не является их партнером, просто кто-то из менеджеров видно слил мои данные, и это не первый случай когда менеджеры ППР обманывают своих будущих клиентов.
В итоге договор расторгнем! 
Обманщики!",1,yandex
К,1 ноября 2021,"Работаем с ППР уже много лет. Рады сотрудничеству и надеемся на его долгосрочное продолжение, так как в этой организации работают профессионально и налажено. Отдельную благодарность и признательность хотим выразить нашему менеджеру Якушевой Юлии. Работу выполняет оперативно и профессионально. Всегда проявляет готовность помочь и разъяснить детали, вопросы, возникающие в процессе сотрудничества.",5,yandex
О,27 октября 2021,"Добрый день всем. Я главбух фирмы ООО ""ВПСЛ"". С ППР работаем с 2017 года. Первое время было много шероховатостей. То карты глючили ,то АЗС не могли считать карты ,то показывали нулевой баланс при фактическом наличии средств. Но последние 3 года. Мы очень всем довольны.я как бухгалтер не имею никаких претензий : документы любые в любое время суток можно легко получить . Так же хочу отметить работу нашего менеджера Ковтун Татьяны. Супер-профессионал. Всегда на связи. Оперативно решает любую проблему. Всегда готова помочь ,при этом вежлива, корректна и очень приятна в общении. Отстаивая и представляя интересы своей кампании, пытается не ущемить интересов клиентов ,давая понять насколько каждый конкретный клиент важен для них. Огромное спасибо Татьяне и всей команде ППР !!!!",5,yandex
Дарья Дарья,17 ноября 2023,Хочу выразить слова благодарности и оставить положительный отзыв о работе сотрудника компании ППР– Вероники Мельниковой. Она продемонстрировал высокий уровень профессионализма и эффективности во время выполнения наших вопросов.,5,yandex
Михаил Власов,25 октября 2023,"Компания с большим опытом и охватом.
Работаем долгое время с ними, начали с топлива, теперь и ОСАГО у них оформляем.",5,yandex
Diss,30 августа 2023,От сотрудничества с ППР только положительные впечатления. Большая сеть заправок и удобный кабинет.,5,yandex
И,15 июня 2023,"Отличная компания! Менеджер всегда на связи, если вдруг возникли внештатные ситуации. Удобный личный кабинет. Рекомендую!",5,yandex
Александр Ш.,26 июня 2023,Отличная компания. Очень оперативно оформили ОСАГО за адекватную цену. Спасибо,5,yandex
Виктор Борисов,28 октября 2021,"Заключил договор с ППР по рекомендации друга, пока доволен.
Менеджер Маргарита рассказала про возможности и научила пользоватся личным кабинетом и мобильным приложением теперь все четко и по делу.
Отслеживаю штрафы по автопарку и отправляю водителям, чтобы сами оплачивали свои косяки.
Водители иногда жалуются, что не могут дозвониться до горячей линии, поэтому звонят мне по всем вопросам, Маргарита предложила подключить им приложение ППР, чтобы сами смотрели сколько у них денег осталось на карте.
Отедльное ей спасибо!",5,yandex
Евгения,16 ноября 2021,"Как и везде есть плюсы и минусы, минусов гораздо меньше и не значительные. Сервис отличный, сеть азс и доп услуги. Немного подводил Личный Кабинет, но быстро устранили неисправность. СПАСИБО! Работой данной компании довольны. Ольга замечательный специалист!",5,yandex
Дмитрий Я,26 декабря 2022,Паршивенькая компания. Пользовались месяц потому как в регионе нет азс крупных сетей. Было 4 карты использовалась одна. А в месяце если была хоть одна транзакция списывали обслуживание всех 4х. В общем впечатления ужасные,1,yandex
Margmys,15 февраля 2024,"Спасибо ППР за хорошую работу. Надежный поставщик , ни разу нас не подвели .👍",5,yandex
Куприянова Татьяна Юрьевна,8 июня 2022,"Работаем с этой компанией не первый год, но возникла ситуация, когда пришлось сделать перевод на топливную карту от третьего лица. Далее поступил запрос , предоставить доп.документы для обработки платежа, все документы были предоставлены в срок и полном объеме, но их почему то не видят, претензии удоляют не отвечая, на данный момент прошло 2 недели, деньги так и не поступили ни на карту, ни отправителю на счет!",1,yandex
Олег,27 сентября 2022,"Вроде отличная компания.
Но...
1. Не предупредили что даже если не пользуешься картами за каждую надо платить обслуживание 😱
2. Ооочень долго решаеюбися вопросы
3. С 26 сентября не работает НИЧЕГО!! Уже почти СУТКИ. Да вы что ??? 21 век.",1,yandex
Елена Ташланова,17 мая 2022,"Если вы хотите чтоб вас подвели в самый важный момент в работе, то это к ППР «! Раньше хорошо работали, но сейчас с данной компанией невозможно. Дорого, долго, нет возможности общение с менеджером. Отношение к своим клиентам ужасные!!!! Учитывая что я считаемся крупным клиентом для компании. Очень жаль, но будем искать другого партнёра.",1,yandex
Максим,28 октября 2021,"Отличная, уверенная компания!!!
Работаем как юр. лицо и всегда уверены в ППР!
Наш менеджер Анна Галушкина, грамотный специалист и знаток своего дела!!!
Процветания и успехов этой команде!!!",5,yandex
Саша Колкин,24 мая 2023,"Ничего хорошего от компании ППР не ждите. Дешёвый сыр. При заправке вам выставят цену топлива на порядок выше, чем цена указанная на бензоколонке. Т.е ваши якобы сэкономленные 20% ндс в отчёте с налоговой ложатся плюсом стоимости топлива от ППР. Добавьте стоимость обслуживания карты ППР. Итог никакой выгоды, компания иждивенец.",1,yandex
Е,30 августа 2023,"Спасибо ППР, за длогосрочное сотрудничество. Нам все нравится.",5,yandex
Виктор,27 октября 2021,Довольно давно сотрудничаем с этой компанией. удобная сеть заправок. зачисление денежных средств на расчётный счёт происходит быстро. Удобный мониторинг штрафов в личном кабинете. наш персональный менеджер Болдырева Мария быстро четко оперативно решает все вопросы. Транзакции в личном кабинете можно увидеть практически онлайн. Побольше скидок для клиентов хотелось бы видеть. Успехов Вам и процветания!,5,yandex
Taras Podobedov,4 декабря 2021,"Работаем с ППР не так давно, около полугода, но уже успел оценить удобство работы с ними. Кроме того, что это просто удобно, платить одному контрагенту, а заправляться на любой заправке, часто еще со скидкой, так еще и очень доброжелательный менеджер Татьяна Ковтун готова решать наши проблемы в любое время, в том числе и в 19:45 в пятницу!).",5,yandex
Mikulishna,24 ноября 2021,"Работаем с ППР уже не первый год. Очень радуют условия сотрудничества, а именно удобный личный кабинет, быстрое зачисление денежных средств, практически бесперебойная работа топливных карт. Наш менеджер Юлия всегда оперативно помогает в любых вопросах. Недавно согласовала нам отсрочку, что очень помогает нам в работе.",5,yandex
Максим Марчук,3 мая 2022,"Пользывался два года, все устраивало. С января 2022 года подняли в ""тихую"" цены (к цене на азс прибавляли 1.5р на литр), после обращения с расторжением договора предложили пересмотреть условия обслуживания. Больше с ними сотрудничать не буду. Расторжение договора ещё та процедура. НЕ РЕКОМЕНДУЮ!!!",1,yandex
М,27 ноября 2021,"Рекомендую данную компанию за отличный подход к клиентам. Менеджер Олеся подробно объяснила как пользоваться личным кабинетом, а также дополнительными сервисами. Очень привлекает, что у компании широкая сеть азс!",5,yandex
КТО Самара,26 октября 2021,"Отличная компания! Быстро зачисляются денежные средства на лицевой счет. Удобный в использовании личный кабинет. Большой плюс возможность овердрафта. Хочется отметить работу персонального менеджера, Галушкину Анну отдельное
Спасибо! Работаем с 2019г. Менеджер всегда на связи.",5,yandex
Артём Чернейкин,18 июня 2022,Не советую работать с этой компанией.Топливо в три дорого. Никакой поддержки. А когда захотите расторгнуть договор будет трешовый квест. Средства блокируют и начинают водить хоровод вокруг да около. Хуже только в паспортном столе.,1,yandex
Татьяна,25 ноября 2021,"Работаем недавно с ППР. Могу сказать только хорошее. Нравиться всё, личный кабинет, много заправок, менеджер, который всегда поможет, есть отсрочка. В общем мы очень довольны.",5,yandex
таша с,28 ноября 2022,Отвратительно. Ввели систему верификааации - обязательную!!! Якобы для безопасности клиентов. По факту - видимость бурной деятельности. Неделю не могу заказать новую карту,1,yandex
Екатерина Ивановна,24 июля 2024,Сомнительная компания с сомнительным непрофессиональным Руководством...особенно в финансовом департаменте.,1,yandex
Л,8 апреля 2022,"В договоре прописано, что 5-го числа будут предоставлены все документы в личном кабинете, диадоке и электронной почте. По факту сегодня 8-е и документов нет. Звони, не звони ничего не решается. Все диффирамбы тут пишут, а я крайне недовольна данной организацией.",1,yandex
Е,24 ноября 2021,"Пока могу сказать только положительное про эту компанию. Возможность уходить в минус оформили быстро, когда нам это было остро необходимо. Карты получили тоже оперативно. Наличие своего консультанта большой плюс, приходится и вечером, и в выходные решать некоторые вопросы.",5,yandex
Анна С.,12 октября 2021,С этой компанией работаем очень давно. Все проблемные вопросы решаются быстро благодаря нашему менеджеру Хижняковой Елены. Довольны сотрудничеством с данной компанией,5,yandex
Ольга Цуканова,30 ноября 2021,"Работаем с компанией не так давно, но успели оценить все преимущества. Пользуемся мойками со скидкой, шиномонтажем, отслеживаем штрафы в Личном кабинете. Отдельное спасибо нашему менеджеру Анне. Так держать!",5,yandex
А,23 ноября 2021,"Мониторинг штрафов, командировки, мойки и шиномонтаж- это дополнительные сервисы, которые можно отслеживать,контролировать в едином очень удобном личном кабинете. Персональный менеджер Елена Х. и горячая линия всегда на связи, помогают.",5,yandex
В,23 августа 2022,"По основному сервису все работает, но тут вздумал страховку сделать . Оплатили 22 , страховка будет с 24 . Если надо быстро это не сюда .",4,yandex
Азат,13 декабря 2022,"Раньше всё было отлично. Как вдруг стала проблематична оплата от 3х лиц. Доп соглашения готовят долго, потом обнаружили ошибку в доп соглашении и они опять отправили его на проверку. Уже неделю не можем пополнить счет.",2,yandex
Денис Давыдов,3 августа 2022,ППР удобный и качественный сервис. Услуги оказываются на высоком уровне! Спасибо!,5,yandex
Ррр,20 сентября 2021,"По телефону менеджер рассказывает о том, что топливо дешевле будет чем на азс. Прислали договор и карты. Изучили договор, а там самое интересное, то о чем менеджер умолчал 😄. Информационный сбор 1,87%, разблокировка карт и тд. ГСМ станет золотым. В начале изучайте договор, а лучше сразу ложить трубку ))",1,yandex
Алексей Иванович,20 апреля 2023,"Сотрудничаем более 4 лет. 
Клиенториентированная компания. 
ИНН 5259033115",5,yandex
Zhanna Davoyan,28 октября 2021,"Стабильная работа, менеджер Анна всегда на связи
Принимают карты почти на всех азс 
Можно заправиться из машины , удобный документооборот электронный 
Стоимость топлива дороговата :(",5,yandex
Андрей Бельков,27 октября 2021,"Отличная компания, все договорённости соблюдены.
Сеть самая большая, и все в одной карте.
Удобное мобильное приложение.",5,yandex
Сергей Н.,18 ноября 2022,"Не могут решить элементарный вопрос уже месяц. 
Зато рекламой засыпали. Ее они успевают рассылать и еще звонить на телефон",1,yandex
Денис Б.,30 августа 2022,"Отвратительная компания. В сложной ситуации нужно было внести ДС на карты от третьего лица - проблемы с их стороны. Заключить новый договор на другую компанию - проблемы... Работали с ними года 3...
Получить Акт сверки - трудности. Зато натравить коллекторов из-за непонятно откуда появившейся задолженности в 200 рублей - легко!",1,yandex
Ильдар,26 октября 2021,"Всем привет. Работаю с данной компанией уже давно, в принципе все очень нравиться. Пробовал и другие компании но вернулся сюда). Особенно очень помогает менеджер Татьяна Кисилева, отдельное спасибо!!",5,yandex
И,8 сентября 2021,"Компания сотрудников , которые вроде есть , но как только нарисовалась проблема их нет. Никогда ничего не могут решить , операторы говорят в трубку дежурные фразы и только , реального решения не дождешься. Если есть возможность , ищите другую компанию , благо сейчас их много",1,yandex
С,3 сентября 2023,Работаем с ппр не первый год. Нам все нравится.,5,yandex
А,27 ноября 2021,"Отличный сервис, оперативные ответы специалистов. Много дополнительных услуг. Спасибо за работу.",5,yandex
Терминал М,7 августа 2020,"Добрый день! Была проблема по настройки Электронного документооборота между нашими компаниями, с использованием роуминга. Проблема продолжительное время не решалась и не двигалась с места, так как сложно понять причина в операторах ЭДО или в ПО на стороне ППР. Общими усилиями проблему решили. Спасибо менеджеру по работе с клиентами, после ее вмешательства проблема решилась сама собой .",4,yandex
О,15 сентября 2022,Наценка на стоимость топлива до 10% без согласования в одностороннем порядке со скрытыми комиссиями.,1,yandex
Ольга Е.,12 ноября 2021,"Отвратительное отношение к клиентам. Уже 2 месяца не могут выполнить заявку. Заявки закрывают автоматом, без выполнения. Операторы горячей линии не компетентны.",1,yandex
138253 фрундин,30 октября 2023,Без предупреждений поднимают цены,1,yandex
Андрей Александрович,17 февраля 2024,Советую не связываться,1,yandex
Андрей Б.,5 апреля 2021,"В одностороннем порядке без предупреждения поменяли тариф, топливо стало дороже в среднем на 75 копеек с одного литра от цен которые располагаются на стелле. На заявки и претензии не отвечают, постоянно тянут время.",1,yandex
Анатолий Л.,3 июня 2019,"у вас нам нравится функциональный личный кабинет с аналитикой, большое количество азс по одной карте топливной, классные сервисы, приветливые и отзывчивые менеджеры. Рады сотрудничеству, спасибо вам!",5,yandex
Виктория Стебловская,12 ноября 2020,"Постоянные звонки с предоставлением услуг , их организации. Вежливо отказываешь, начинают звонить и опять предлагать свои карты, если не соглашаешся , просят соеденить с руководством. Вообщем своими могут порядком надоеть .",1,yandex
К Андрей,5 февраля 2024,Не могут решить вопрос с отпиской от рассылок уже 3 месяца,1,yandex
Максим,29 июля 2020,"Три месяца делали типовой договор для компании.
Курьеру передавали неделю, чтобы доставил по городу.
Оплатили 6000 р на баланс первым платежом – без этого карту не получить.
Получили, активировали, заправились на 2000 р – отказ ""Превышение лимита средств"".
Не рекомендую. Ищите другие решения.",1,yandex
Н,25 ноября 2021,Довольны отсрочкой и услугами ППР. Помощь менеджера в любых вопросах.,5,yandex
Елена,5 августа 2019,"Все замечательно, удобный ЛК, расходы видны через секунду. Ежемесячные отчёты. Спасибо команде ППР за современные и нужные решения для бизнеса.",5,yandex
"ООО ""ЭЛПРОМ""",20 апреля 2023,Все оперативно,5,yandex
В,15 апреля 2021,"Заблокировали карту юр лицу в связи с тем что не понравились им
Пришло письмо им с налоговой о неблагонадежности. Как то так",1,yandex
Serg,9 июня 2022,Отличная компания. Интересный офис.,5,yandex
Евгений Кононенков,6 июня 2022,Лидер в сфере платежных решений для юридических лиц,5,yandex
А,5 сентября 2019,"Хорошая сеть покрытия, все удобно. Только нужно мобильное приложении, чтобы быстро смотреть баланс компании с телефона. Надеюсь скоро появится.",5,yandex
Г,31 октября 2019,"Сплошной ОБМАН !! Цена выше чем не стелле, так еще и новую комиссию влупили! (""информационные услуги"")
В итоге если цена на стелле например 47 рублей, то со всеми поборами получается почти 50 рублей !!!!
Жульё сплошное !!!",1,yandex
Александр Румянцев,26 сентября 2022,26.09.2022 не работает карта.,1,yandex
Igor M.,7 февраля 2020,"Хороший офис, шаговая доступность от метро, вежливый и приятный персонал",5,yandex
Михаил Родионов,26 октября 2021,"Очень хорошое Обслуживание. 
Всем советую.",5,yandex
Александр,19 мая 2018,"Постоянные проблемы, худшего партнёра не встречал последние 5 лет.
Как мне сказали, карта заблокирована автоматически, так как не было средств, но после пополнения она может быть разблокирована только менеджером, который не работает после 18-00 и в субботу и воскресенье.
Отлично, заблокировали автоматически (зачем вообще это делать?), разблокируем через 2 дня и то не с утра, а как менеджер изволит.",1,yandex
Александр А.,13 мая 2019,"Какой-то лохотрон. Обещали одно-по факту другое. Мало того, что обслуживание карты 100 руб, так еще при заправке каждых 100 литров снимают по 187 рублей. Хотя менеджер говорил что это будет скидкой 187 руб за каждые 100 литров. Не рекомендую",1,yandex
An Drew,29 мая 2020,Лучшая процессинговая компания на рынке топлива в России,5,yandex
А,28 сентября 2014,"О качестве работы данной компании могу сказать следующее: пока всё хорощо - всё хорошо. То есть очень удобный личный кабинет, понятная и удобная карта поиска заправок, во время присылают бухгалтерские документы. Но если вдруг возникает какая-то проблема, требующая решения - это полный финиш: ты реально ничего не решишь, так как принимать решения никто не желает. Менеджер, курирующий твою компанию - что-то невнятно лепечет, это если ты ему конечно дозвонишься. Руководству дозвониться невозможно, но если вдруг получилось - оно тоже ничего не решит: то есть ещё один передам-с, только рангом выше. Писать письма и отправлять заявки из личного кабинета - бесполезно. В общем, какой-то феерический тримпимпец.
Практика показывает, что обычно в организациях есть какие-то люди, принимающие решения, без них компании просто не могут существовать. В московской конторе видимо мне они не попались, что ли, не может же быть чтобы их там вообще не было.
В нашем случае была следующая проблема: у нас произошло на одной из заправок списание 1300рублей, то есть карточку провели, а тётя в кассе сказала водителю что система не работает, езжай друг дальше. Он и поехал. Вот уже около 40 дней компания Петрол-Плюс разбирает эту ситуацию, от нас все бегают и что-то решать и общаться с нами не хотят. Посмотрим, что будет дальше.
Кстати, по поводу того, что топливо у них дороже чем в розницу: я разобрался как и почему. дело в том, что их менеджеры тебе всеми силами впихивают карточку Вездеход. Если ты её купил, то только в 20% заправок тебя будут заправлять по прайсу заправки, а в 80% случаях по прайсу запрпавки+наценка. Надо брать карточку Транзиткард, её менеджеры вообще не предлагают, видимо им за её продажу бонусов не платят. Сеть заправок меньше процентов на 20-25, но никаких наценок по ней нет.",2,yandex
Михаил Худин,20 августа 2023,Всё супер!,5,yandex
Ксения Б,11 марта 2020,"Прекрасный офис, отличные топливные карты, профессиональные сотрудники",5,yandex
Алексей,13 февраля 2020,"Рекомендую компаниям даже с небольшим автопарком, здесь топливные карты, услуги и сервисы для юр. лиц.",5,yandex
Яков Лейбман,29 ноября 2019,Вроде было раньше хорошо работать с ними. Теперь появились проценты и ещё что-то.,4,yandex
А,24 марта 2016,"Постоянно идут звонки с номера (495)280-01-10. Поднимаешь трубку - играет музыка. Перезваниваешь - снимают деньги. При этом все отнекиваются, мол никто не звонил и никакой автодозвон у нас не действует. Предыдущие положительные отзывы явно оставлены заинтересованными людьми, т.к. для обычного клиента конторы, подобные этой, выглядят чистейшим ЛОХОТРОНОМ!!!",1,yandex
Андрей К.,10 марта 2021,Грубияны и зануды.,1,yandex
Александр С.,20 августа 2018,Ничего не понравилось. Наоборот закрыл договор и отказался от ихних услуг. Не рекомендую.,1,yandex
П,24 марта 2016,"Здравствуйте, Аноним!

Благодарим Вас за отзыв. Нам очень важно разобраться в данной ситуации и найти указанного Вами сотрудника. Для этого просим прислать Ваш контактный номер телефона или ИНН Вашей компании на почту feedback@pprcard.ru. 


С Заботой о Вас,
""Передовые Платежные Решения""",-1,yandex
А,4 февраля 2013,"Никогда не являлся клиентом компании как физ. лицо и не работал в фирмах, которые бы являлись клиентами также. Мой номер телефона попал неизвестным образом в списки рассылки СМС. Приходило до 18 смс в день с настойчивой просьбой пополнить мою несуществующую топливную карту на какую-то сумму.
В течение полугода пытался решить вопрос. Многократно звонил, но никакого результата. Дозваниваешься и начинается ""футбол"" - горячая линия переключает на секретариат, секретариат переключает на тех. отдел, тех. отдел переключает на горячую линию и так до бесконечности.",1,yandex
beerdrinker,17 мая 2018,Один раз настроил всё и работай!,5,yandex
